paper_id,topic_0,topic_1,topic_2,topic_3,topic_4,topic_5,topic_6,topic_7,topic_8,topic_9,topic_10,topic_11,topic_12,topic_13,topic_14,topic_15,topic_16,topic_17,topic_18,topic_19,topic_20,topic_21,topic_22
W2804910112,0.0267337,0.000801,0.2112163,0.0015257,0.0007967,0.0007087,0.0004963,0.0006697,0.0006704,0.0010842,0.0689226,0.2168951,0.0004265,0.0005376,0.2766159,0.0004605,0.0007711,0.1274786,0.0615077,0.0003431,0.0003217,0.0006907,0.0003263
W2111967267,0.0021368,0.0010874,0.0011155,0.1257658,0.0010814,0.0009621,0.0006738,0.0209958,0.0009101,0.0014722,0.0007607,0.0012587,0.0005789,0.0007298,0.0007236,0.0006251,0.8157077,0.0204582,0.0006733,0.0004658,0.0004367,0.0009376,0.000443
W3025757981,0.2712425,0.0011281,0.117348,0.0021121,0.001122,0.0009982,0.0006991,0.1088817,0.0009443,0.0015262,0.0459862,0.247108,0.0006007,0.0007572,0.0007508,0.0006486,0.001086,0.0010236,0.0201402,0.174011,0.0004531,0.0009728,0.0004596
W4392544734,0.0024079,0.735949,0.0012503,0.0309489,0.0012121,0.0010783,0.0007552,0.0010189,0.0010201,0.0353212,0.0008526,0.0014107,0.0006489,0.1790213,0.0008111,0.0007006,0.0011732,0.0011058,0.0007547,0.0005221,0.0004895,0.0010509,0.0004965
W2745006471,0.0025483,0.0013051,0.0013389,0.6726254,0.199495,0.0011548,0.0008088,0.0010912,0.0010924,0.001766,0.0009131,0.0015109,0.0006949,0.000876,0.0008686,0.0007503,0.0012564,0.1063552,0.0008082,0.0005591,0.0005242,0.0011255,0.0005317
W2993005136,0.1177809,0.1425936,0.0007262,0.2678239,0.000704,0.0006263,0.2485058,0.0005918,0.0005924,0.0763658,0.0004952,0.0681067,0.0003769,0.0004751,0.0004711,0.0549537,0.0006814,0.0006422,0.0004383,0.0158656,0.0002843,0.0006104,0.0002884
W2904384071,0.0024877,0.0012692,0.0013019,0.3565392,0.3255942,0.1427929,0.0007864,0.1277329,0.0010622,0.0017181,0.0008879,0.0289018,0.0006757,0.0008518,0.0008446,0.0007296,0.0012217,0.0011515,0.0007859,0.0005437,0.0005098,0.0010944,0.000517
W2889019390,0.0787226,0.0009132,0.0009369,0.1487102,0.0009082,0.000808,0.4193669,0.1558746,0.0007643,0.001236,0.0714214,0.0010573,0.0004862,0.0006129,0.0006077,0.000525,0.0008791,0.073091,0.0005655,0.0003912,0.0409623,0.0007874,0.000372
W2999376388,0.0019834,0.0622641,0.0010296,0.0018754,0.1852395,0.0008879,0.0006219,0.0897166,0.0498439,0.0013585,0.2565115,0.0011617,0.0005343,0.2703208,0.0006679,0.0005769,0.0009661,0.0009106,0.0006215,0.0004299,0.0712037,0.0008654,0.0004089
W2134153749,0.0024743,0.0012691,0.0013019,0.0023699,0.6169331,0.0011228,0.0007864,0.0316693,0.0010622,0.3297288,0.0008878,0.0014692,0.0006757,0.0008517,0.0008446,0.0007295,0.0012217,0.0011514,0.0007859,0.0005436,0.0005097,0.0010943,0.000517
W2118001436,0.0016829,0.0008533,0.0008755,0.0015992,0.0008486,0.0872127,0.0005288,0.0007134,0.2567304,0.0011554,0.1770564,0.122501,0.0004543,0.0005727,0.0488594,0.0004905,0.0008215,0.0007742,0.0005284,0.2657677,0.0003427,0.0007358,0.0288953
W2766358903,0.1748654,0.06435,0.0009279,0.2487996,0.0008995,0.0146658,0.0005605,0.0007562,0.000757,0.0012244,0.0006328,0.3846287,0.0004816,0.000607,0.0006019,0.0005199,0.0008707,0.0580303,0.0439217,0.0003874,0.0003633,0.0007799,0.0003685
W3177828909,0.1325535,0.7954952,0.0006988,0.0432942,0.0006774,0.018742,0.0004221,0.0005695,0.0005701,0.0009218,0.0004765,0.0007884,0.0003627,0.0004572,0.0004533,0.0003916,0.0006557,0.000618,0.0004218,0.0002918,0.0002736,0.0005874,0.0002775
W3006022816,0.0015341,0.0007806,0.0360747,0.0014628,0.2571552,0.1906017,0.0004837,0.0185494,0.0006534,0.1099752,0.0005461,0.1554734,0.0004156,0.0005239,0.0310039,0.0004488,0.1573952,0.0007083,0.0345749,0.0003344,0.0003136,0.0006731,0.000318
W2132341951,0.0019044,0.0874283,0.0009969,0.4498614,0.0009663,0.0008597,0.0006021,0.0008124,0.0008133,0.0553018,0.0006798,0.0236553,0.1594467,0.0006521,0.0006467,0.0005586,0.0009354,0.1971379,0.0006017,0.0004162,0.0144894,0.0008379,0.0003959
W3186179742,0.1084562,0.8361777,0.0010408,0.001909,0.0010089,0.0008976,0.0006287,0.0008482,0.0008491,0.001373,0.0007098,0.0193679,0.0005402,0.0006809,0.0006752,0.0005832,0.0009766,0.0205183,0.0006283,0.0004346,0.0004075,0.0008748,0.0004133
W1528357204,0.0180586,0.0340486,0.0006887,0.0012538,0.3045151,0.0005938,0.0004159,0.0005611,0.0580855,0.0009095,0.1359453,0.0007772,0.0003573,0.0563185,0.0004466,0.0003858,0.0006461,0.3841681,0.0004156,0.0002875,0.0002696,0.0005787,0.0002734
W2163266294,0.0783101,0.0940126,0.0017704,0.0032229,0.0017161,0.0736982,0.0010692,0.0014426,0.0014442,0.1209304,0.0012072,0.0019985,0.0009187,0.0011581,0.0011484,0.000992,0.6087031,0.0015656,0.0010686,0.0007392,0.0006931,0.001488,0.000703
W2151831732,0.0419009,0.1636937,0.0015137,0.2192261,0.0014672,0.0312713,0.0009143,0.5023977,0.0012349,0.0019971,0.0010322,0.0017076,0.0007856,0.0009902,0.0009819,0.0008482,0.0014203,0.0013386,0.0009137,0.000632,0.0005926,0.0225392,0.0006011
W2612812586,0.12528,0.0008229,0.0008442,0.3106103,0.2454839,0.0007281,0.0005099,0.000688,0.0006887,0.0459432,0.0005757,0.0009524,0.0004381,0.0005523,0.0005477,0.0217765,0.0007922,0.1203213,0.1056382,0.0003525,0.0003305,0.0157881,0.0003352
W2040424396,0.1097536,0.0006216,0.20751,0.0011678,0.1659414,0.00055,0.0003852,0.0005197,0.056536,0.0840091,0.0004349,0.0007197,0.000331,0.0506387,0.0911086,0.0003573,0.1171603,0.000564,0.0003849,0.0002663,0.020682,0.0489248,0.0414334
W2153283265,0.070215,0.0014507,0.0014883,0.0641103,0.1831542,0.0012835,0.0008989,0.0767573,0.0012142,0.1209344,0.0769781,0.0016792,0.0007724,0.0009736,0.0009655,0.000834,0.3255054,0.0668406,0.0008983,0.0006214,0.0005827,0.0012509,0.000591
W2132417094,0.0020157,0.0010261,0.1873368,0.0019286,0.0010205,0.0009079,0.0006359,0.0411082,0.0378798,0.5188219,0.0007179,0.0011879,0.0005464,0.0006887,0.0006829,0.0005899,0.0009878,0.000931,0.0006354,0.0004396,0.0004122,0.0008848,0.1986143
W2087671769,0.03416,0.0009928,0.0913843,0.0800179,0.0009874,0.0008784,0.0006152,0.0008301,0.000831,0.0013436,0.130555,0.3848103,0.0005286,0.0006663,0.237826,0.0005707,0.0009557,0.0009008,0.0006148,0.0288715,0.0003988,0.0008561,0.0004045
W4239833500,0.0030194,0.0252604,0.0015896,0.00291,0.1189381,0.0013709,0.0009601,0.0012954,0.0911696,0.0743727,0.001084,0.0017934,0.000825,0.0010399,0.0010312,0.0008907,0.0930385,0.5254893,0.0009595,0.0006637,0.0006223,0.0013361,0.0503402
W4396721167,0.0021838,0.7874316,0.0011292,0.1757678,0.0010947,0.0009739,0.0183024,0.0009203,0.0009213,0.0014895,0.0007701,0.0012742,0.0005861,0.0007388,0.0007326,0.0006328,0.0010596,0.0009987,0.0006816,0.0004715,0.0004421,0.0009492,0.0004484
W2304674135,0.1043325,0.1229699,0.0010647,0.1789375,0.0010322,0.0009183,0.0006431,0.0008677,0.0008687,0.2701126,0.0007261,0.0012014,0.0005526,0.0006966,0.0006907,0.0005966,0.3100252,0.0009416,0.0006427,0.0004446,0.0004169,0.0008949,0.0004228
W1971072534,0.0020618,0.0010501,0.0010774,0.0019627,0.2598926,0.0009292,0.0006507,0.0718153,0.32545,0.0353579,0.0007347,0.0012161,0.0005592,0.0653193,0.035446,0.0006037,0.0923832,0.0509937,0.0006503,0.0004499,0.0500628,0.0009056,0.0004278
W2127303481,0.0477023,0.0010148,0.0010411,0.0877463,0.0010092,0.0008979,0.3569171,0.067247,0.0008494,0.0013733,0.00071,0.0011749,0.0005403,0.0006811,0.0006754,0.0005834,0.0009769,0.3741874,0.0006284,0.0004347,0.0523209,0.0008751,0.0004134
W2041652393,0.003206,0.0016324,0.0016748,0.0030709,0.4588131,0.0014443,0.0010116,0.0013648,0.0013663,0.4726484,0.0011421,0.0018895,0.0008692,0.0010956,0.0010864,0.0009384,0.0015716,0.0014811,0.0010109,0.0006993,0.0006557,0.0014076,0.0399201
W2058947330,0.0018062,0.0009223,0.0009463,0.0017341,0.2793194,0.0008161,0.0627105,0.0007712,0.000772,0.1226119,0.0906568,0.081764,0.0004911,0.0006191,0.0006139,0.0005302,0.3495703,0.0008369,0.0005712,0.0003951,0.0003705,0.0007954,0.0003758
W1971403296,0.0032615,0.0016628,0.0017059,0.5483165,0.1183362,0.0223179,0.0208119,0.0441151,0.0013918,0.199956,0.0011634,0.025266,0.0008854,0.0011161,0.0011067,0.000956,0.0016008,0.0015088,0.0010298,0.0007123,0.0006679,0.0014339,0.0006775
W2944969418,0.0197993,0.0010879,0.001116,0.0750935,0.0010819,0.0009625,0.0006741,0.0240336,0.0009105,0.0014734,0.0007611,0.0012592,0.0005792,0.0007302,0.000724,0.0006254,0.8651431,0.000987,0.0006737,0.000466,0.000437,0.0009381,0.0004432
W1998704254,0.0164113,0.0008376,0.0008593,0.0015562,0.000833,0.0007411,0.000519,0.0007003,0.0740179,0.0011337,0.000586,0.1431928,0.000446,0.0005622,0.7272175,0.0004815,0.0008063,0.00076,0.0005187,0.0264197,0.0003364,0.0007223,0.0003412
W2113601822,0.0023289,0.0011877,0.0012185,0.1275432,0.201142,0.0010509,0.0788337,0.000993,0.0009941,0.0016096,0.0008309,0.1376759,0.0006324,0.0007972,0.321,0.0006828,0.0011434,0.0010776,0.0530628,0.0005088,0.0004771,0.0647258,0.0004839
W1954066341,0.0017763,0.000895,0.0009182,0.0016824,0.0008902,0.0007919,0.0005546,0.0007483,0.0007491,0.0012116,0.0006262,0.0010364,0.0004766,0.0006007,0.3306199,0.0005145,0.0008617,0.6014404,0.0005543,0.0003834,0.0003595,0.051944,0.0003646
W2100882223,0.0262182,0.0009133,0.000937,0.0017049,0.5320457,0.0008081,0.0408485,0.0007636,0.0382686,0.239548,0.0006389,0.0010571,0.0004863,0.000613,0.0006078,0.0530502,0.058179,0.0008286,0.0005656,0.0003912,0.0003668,0.0007875,0.0003721
W2166123725,0.2134336,0.0007484,0.0007678,0.0014169,0.2715148,0.0006622,0.0004638,0.0735913,0.0006264,0.038799,0.0744288,0.2491842,0.0003985,0.0005023,0.0004981,0.0004302,0.06982,0.000679,0.0004635,0.0003206,0.0003006,0.0006453,0.0003049
W2163048106,0.0523027,0.0006814,0.0250373,0.0012729,0.0006777,0.0006029,0.0004222,0.0005697,0.0005703,0.0009221,0.0004767,0.3111249,0.0003628,0.0004573,0.1857208,0.0003917,0.000656,0.3518053,0.0103162,0.0002919,0.0002737,0.0547858,0.0002776
W2031742656,0.0360435,0.0010261,0.0010528,0.0019199,0.4682207,0.319955,0.0345247,0.000858,0.0008589,0.0013898,0.0341476,0.0011881,0.0005464,0.0006887,0.0922807,0.0005899,0.0009878,0.0009311,0.0006355,0.0004396,0.0004122,0.0008849,0.0004181
W2125458111,0.0559074,0.0006213,0.0006375,0.1294271,0.1157382,0.0005497,0.0739776,0.0005195,0.0252301,0.000842,0.0004347,0.0007195,0.0003308,0.000417,0.0878989,0.0003572,0.0173835,0.1967052,0.0003848,0.0084152,0.0331025,0.2501473,0.0002531
W2099836442,0.0427754,0.018805,0.0009018,0.0016436,0.424839,0.0475556,0.0005447,0.0007349,0.0007357,0.2214009,0.0006149,0.0010174,0.000468,0.0005899,0.000585,0.0920495,0.1299406,0.0007975,0.0005443,0.0003765,0.0003531,0.0123687,0.0003581
W2129448726,0.001284,0.000652,0.0006691,0.2639509,0.0006484,0.0005768,0.000404,0.7245897,0.0005457,0.0008837,0.0004561,0.0007546,0.0003471,0.0004376,0.0004339,0.0003748,0.0006276,0.0005915,0.0004037,0.0002793,0.0002619,0.0005622,0.0002656
W2166064969,0.003635,0.0018667,0.001915,0.0034795,0.0018563,0.0016516,0.0011567,0.0015607,0.0015624,0.5725734,0.0013059,0.0021604,0.0009939,0.0012529,0.0012423,0.0010731,0.1256665,0.2163571,0.001156,0.0007996,0.0007498,0.0552247,0.0007605
W1869640752,0.1042407,0.0006618,0.0421996,0.0803552,0.0006581,0.0005855,0.0004101,0.0005532,0.0887436,0.0280114,0.0004629,0.0007662,0.0003523,0.0004441,0.0004404,0.0003804,0.4588028,0.0904442,0.0004098,0.0002835,0.0002658,0.1002589,0.0002696
W2012006993,0.0018214,0.0009232,0.0009471,0.0017206,0.0009181,0.0008168,0.0005721,0.0007718,0.2491113,0.0012497,0.3646909,0.0010685,0.0004916,0.0006196,0.0006144,0.0005307,0.0008887,0.0120836,0.0005717,0.0003955,0.0003708,0.0007961,0.3580257
W2161189461,0.1325989,0.0451642,0.03992,0.0025967,0.0469403,0.001225,0.000858,0.686735,0.0297784,0.0018743,0.0009686,0.001603,0.0007372,0.0009293,0.0009215,0.000796,0.0013329,0.0012562,0.0008574,0.0005931,0.0005561,0.0011939,0.0005641
W2145573696,0.0025852,0.0013242,0.0013585,0.0698397,0.1734647,0.0011717,0.0008206,0.0011071,0.4311929,0.0444232,0.1239149,0.0015332,0.0007051,0.0378996,0.0008813,0.0007613,0.0012748,0.0728134,0.0008201,0.0005673,0.0005319,0.0011419,0.0298675
W2081945314,0.0785769,0.0528039,0.0010556,0.001967,0.0010231,0.0377128,0.0006375,0.0008601,0.000861,0.7576177,0.0007197,0.0011906,0.0582867,0.0006905,0.0006847,0.0005914,0.0009903,0.0009334,0.0006371,0.0004407,0.0004132,0.0008871,0.0004191
W2056743521,0.1200529,0.0263985,0.0011158,0.0020337,0.3541106,0.0009622,0.117223,0.0009092,0.0009102,0.2963488,0.0159041,0.0012589,0.0005791,0.0007299,0.0007238,0.0006252,0.0561702,0.0009867,0.0006735,0.0004659,0.0004368,0.0009378,0.0004431
W2127415562,0.0013275,0.0006762,0.0806499,0.001267,0.1878213,0.0005983,0.0004191,0.0391858,0.000566,0.0009155,0.0004731,0.0441413,0.0003601,0.0004539,0.0004501,0.0360957,0.1634159,0.0189661,0.4207973,0.0002897,0.0002716,0.0005831,0.0002755
W4383957026,0.0012772,0.9673822,0.0006688,0.0012183,0.0006483,0.0005768,0.000404,0.0005451,0.0005457,0.0008827,0.0004561,0.0007546,0.0003471,0.0204926,0.0004339,0.0003748,0.0006276,0.0005915,0.0004037,0.0002793,0.0002619,0.0005622,0.0002656
W2170024099,0.0012021,0.0006129,0.0171898,0.0762404,0.0006095,0.0005423,0.0003798,0.0780062,0.000513,0.0008294,0.0004288,0.3404845,0.0003263,0.0004114,0.3469976,0.0003523,0.00059,0.0998518,0.0003795,0.0002625,0.0188345,0.0147055,0.0002497
W2142735254,0.4281716,0.0027807,0.0028529,0.0933869,0.0027656,0.0024604,0.0017231,0.0582018,0.0023274,0.0037628,0.0019454,0.1541719,0.0014806,0.0018663,0.0018507,0.0015986,0.002677,0.1914002,0.001722,0.0011912,0.0011169,0.0394131,0.0011329
W2096404721,0.1171266,0.0007426,0.0007618,0.4095452,0.0007385,0.000657,0.3948169,0.0510274,0.0006215,0.01736,0.0005195,0.0008602,0.0003954,0.0004984,0.0004942,0.0004269,0.0007149,0.0006738,0.0004599,0.0003181,0.0002983,0.0006403,0.0003025
W1973738093,0.0805021,0.2137779,0.0018395,0.0033674,0.0017833,0.1773239,0.0011111,0.0014991,0.0015007,0.2633301,0.0012544,0.0020756,0.0009547,0.0012034,0.0011933,0.0010308,0.0669467,0.174431,0.0011104,0.0007681,0.0007202,0.0015461,0.0007305
W2143258005,0.0010466,0.0005276,0.0005412,0.0268693,0.0918047,0.0358976,0.0003269,0.0004411,0.0004416,0.0619359,0.0279216,0.0145664,0.0002809,0.058741,0.1606104,0.0003033,0.0005079,0.4998658,0.0003267,0.0161618,0.0002119,0.0004549,0.0002149
W2315521535,0.1244453,0.0007244,0.0007432,0.0013554,0.2608474,0.000641,0.0004489,0.1875179,0.0006063,0.0009803,0.2275669,0.1890281,0.0003857,0.0004862,0.0004821,0.0004165,0.0006974,0.0006573,0.0004486,0.0003103,0.000291,0.0006247,0.0002951
W2105329815,0.0016647,0.0607128,0.0008765,0.4781459,0.0008497,0.0007559,0.0005294,0.3811781,0.0007151,0.001156,0.0005977,0.0349908,0.0004549,0.0005734,0.0005686,0.0004912,0.0008225,0.0216576,0.0005291,0.0113022,0.0003432,0.0007367,0.0003481
W2147208616,0.2729449,0.0017585,0.0018042,0.00329,0.001749,0.001556,0.0010897,0.0014703,0.1343211,0.2141756,0.0012303,0.0020357,0.0009364,0.0011803,0.0011704,0.2289121,0.1239983,0.0015956,0.001089,0.0007533,0.0007064,0.0015164,0.0007165
W2045435533,0.0021965,0.0011138,0.0011426,0.0338506,0.0011077,0.5608166,0.0006902,0.0009312,0.0009322,0.2895199,0.0007792,0.0012891,0.0983903,0.0007475,0.0007412,0.0006403,0.0010722,0.0010105,0.0006897,0.0004771,0.0004474,0.0009604,0.0004538
W4220838810,0.0022585,0.0011564,0.0011864,0.0021609,0.00115,0.0755136,0.0007166,0.0009668,0.0009678,0.7736324,0.0311558,0.0013385,0.0006157,0.0007761,0.0007696,0.0006648,0.0011132,0.0010491,0.0354402,0.0004953,0.0004645,0.0009971,0.0654108
W2091922579,0.001193,0.0006087,0.0285714,0.209695,0.0006053,0.0005386,0.0003772,0.3834699,0.0005095,0.0008245,0.0004258,0.0286593,0.0003241,0.0004085,0.0004051,0.0003499,0.000586,0.1543229,0.0003769,0.0002607,0.0002445,0.1869951,0.000248
W2147189708,0.0017444,0.046077,0.0009012,0.1121645,0.0008736,0.0007772,0.0005443,0.0778465,0.0007352,0.2127142,0.0006145,0.0010168,0.0455111,0.0005896,0.038752,0.000505,0.1318407,0.2837334,0.000544,0.0139877,0.0003528,0.0179978,0.0101766
W2136969710,0.0024442,0.0012513,0.0012837,0.0023266,0.0857083,0.0011071,0.0007754,0.0010462,0.0010473,0.001693,0.5837395,0.0014491,0.0006663,0.0128802,0.0008328,0.0007194,0.0012046,0.0011353,0.0007749,0.2958236,0.0005026,0.001079,0.0005098
W2124637227,0.0016776,0.0008533,0.0008755,0.0313504,0.2827997,0.000755,0.0005288,0.0007134,0.087943,0.0829701,0.000597,0.2257613,0.0261318,0.0005727,0.0005679,0.0477766,0.0895436,0.1162621,0.0005284,0.0003655,0.0003428,0.0007358,0.0003477
W2167705142,0.002055,0.0555892,0.2785124,0.0019601,0.0010442,0.000929,0.0006507,0.0008779,0.3614944,0.0014207,0.0007346,0.1354977,0.0005591,0.0007047,0.0006988,0.0006036,0.0010108,0.0009526,0.0006502,0.1522995,0.0004217,0.0009054,0.0004278
W2055305007,0.0014353,0.0007251,0.0007439,0.0168583,0.0007212,0.0006416,0.0004493,0.0006063,0.0006069,0.03285,0.0636725,0.1378271,0.0003861,0.0004867,0.306751,0.0211866,0.0006981,0.3661742,0.000449,0.0003106,0.0002913,0.0458333,0.0002954
W2150550043,0.0017703,0.0008954,0.0009186,0.2302069,0.3598835,0.0007922,0.0682172,0.0007486,0.0007494,0.0012121,0.0006264,0.0010371,0.0004767,0.0006009,0.0005959,0.3271599,0.000862,0.0008124,0.0005545,0.0003836,0.0003596,0.0007721,0.0003648
W2787022622,0.0023819,0.0012026,0.0215625,0.031452,0.001196,0.001064,0.0007452,0.0010054,0.362408,0.043378,0.1183417,0.0013919,0.0006403,0.0569663,0.0008003,0.0006913,0.0536951,0.2978078,0.0007447,0.0005151,0.000483,0.001037,0.0004899
W2075716829,0.4205205,0.0020332,0.002086,0.0037961,0.0362028,0.001799,0.00126,0.0017,0.0017018,0.0027512,0.0639227,0.3006011,0.0010826,0.0013647,0.0013532,0.0011689,0.0019573,0.0350729,0.0560817,0.000871,0.0600918,0.0017533,0.0008284
W2164698321,0.0024563,0.0012347,0.0012666,0.0023169,0.1587867,0.0010924,0.0007651,0.0010322,0.0010333,0.2139657,0.0008637,0.04696,0.0006574,0.0339175,0.0008217,0.0007098,0.527643,0.0011202,0.0007646,0.0005289,0.0004959,0.0010646,0.000503
W2114938008,0.3769753,0.0322697,0.0013596,0.0024891,0.001318,0.1887417,0.0008212,0.1106989,0.0011092,0.1242398,0.0009271,0.0015344,0.0007056,0.0008894,0.000882,0.0007618,0.058419,0.0012024,0.0008207,0.0005677,0.0005323,0.0011427,0.0915926
W2080283023,0.1118549,0.0008303,0.0008518,0.390144,0.0008257,0.0007346,0.0005145,0.0006942,0.0006949,0.0159231,0.1181426,0.2597955,0.0004421,0.0005572,0.0331117,0.0004773,0.0007993,0.0007533,0.0005142,0.0003557,0.0003335,0.0613114,0.0003383
W2041755048,0.1430032,0.0007081,0.0007265,0.0013205,0.1175504,0.0006265,0.0195326,0.000592,0.0541839,0.0009582,0.0992696,0.0008198,0.000377,0.0194687,0.3004035,0.0004071,0.0006817,0.2074032,0.0004385,0.0003033,0.0303267,0.0006106,0.0002885
W2143918999,0.0557579,0.0005928,0.0006082,0.0965891,0.0005895,0.0005245,0.0437106,0.0004956,0.0004962,0.1885344,0.0004147,0.0006862,0.0003156,0.0835033,0.0003945,0.1104857,0.3232904,0.0384865,0.0003671,0.0002539,0.0002381,0.0534239,0.0002415
W2055043387,0.0020631,0.0010379,0.0010646,0.7461209,0.001032,0.0009182,0.0006431,0.2356202,0.0008686,0.0014056,0.000726,0.0012013,0.0005526,0.0006965,0.0006907,0.0005966,0.000999,0.0009416,0.0006426,0.0004445,0.0004168,0.0008949,0.0004228
W2106882534,0.0019416,0.0810587,0.0010185,0.696074,0.0009873,0.0008784,0.0006152,0.2064263,0.0008309,0.0013436,0.0006945,0.001149,0.0005286,0.0006663,0.0006607,0.0005707,0.0009557,0.0009007,0.0006148,0.0004253,0.0003988,0.000856,0.0004044
W2111647009,0.0020317,0.0341363,0.0010651,0.5744857,0.0010325,0.0009186,0.0006434,0.2698577,0.000869,0.0014052,0.0007263,0.069242,0.0005528,0.0006968,0.000691,0.0005968,0.0372843,0.000942,0.0006429,0.0004447,0.000417,0.0008953,0.000423
W2094591409,0.0012982,0.0006614,0.0006785,0.0012308,0.0006578,0.0005852,0.0174546,0.000553,0.0483281,0.0008952,0.0535822,0.0007657,0.0003522,0.0004439,0.4665589,0.0003802,0.0006367,0.4031392,0.0004096,0.0002833,0.0002657,0.0005703,0.0002695
W4243683031,0.0016875,0.0008537,0.0008758,0.0015915,0.093502,0.0007554,0.000529,0.0007138,0.0217049,0.0011552,0.0005973,0.0009886,0.0004546,0.0113116,0.1860585,0.0004908,0.0008218,0.2662869,0.0005287,0.4076656,0.0003429,0.0007362,0.0003478
W2134375163,0.0333383,0.0006565,0.0006736,0.0012268,0.2858442,0.0005809,0.6698552,0.0005489,0.0005495,0.0008889,0.0004593,0.0007603,0.0003496,0.0004407,0.000437,0.0003774,0.000632,0.0005957,0.0004066,0.0002813,0.0002637,0.0005662,0.0002675
W1996568337,0.0017588,0.0008958,0.000919,0.2001591,0.0548254,0.0007926,0.0005551,0.0149846,0.0007498,0.4222475,0.0006267,0.0010368,0.000477,0.0006012,0.0005962,0.0114431,0.2008279,0.0840679,0.0005547,0.0003837,0.0003598,0.0007724,0.0003649
W1980602152,0.0024513,0.001252,0.0012845,0.0023446,0.0012452,0.0011078,0.0007758,0.0010468,0.0010479,0.5880572,0.0008759,0.0014494,0.0006666,0.0008403,0.0008333,0.0007198,0.2869847,0.001136,0.0877148,0.0005363,0.0005029,0.0010796,0.0160474
W2294707565,0.0024027,0.0012179,0.0012496,0.0022715,0.0012112,0.0010777,0.0007547,0.0010183,0.1063214,0.0016484,0.0008521,0.0589878,0.0006485,0.132203,0.0008106,0.0985846,0.0011725,0.0011051,0.0007543,0.0005218,0.5836399,0.0010503,0.0004962
W2079094106,0.1859727,0.0008227,0.0202958,0.0015447,0.0008182,0.0007279,0.0005098,0.0006879,0.0006886,0.0011142,0.0005756,0.1755224,0.0004381,0.0005522,0.1801195,0.000473,0.000792,0.2635662,0.0005095,0.0003524,0.1348596,0.0007095,0.0283476
W2973313700,0.0014905,0.0007607,0.0007805,0.0014205,0.0007565,0.2893844,0.0004714,0.0113562,0.0006367,0.6255389,0.0159295,0.0107732,0.000405,0.0358617,0.0005063,0.0004373,0.0007323,0.0006902,0.0004711,0.0003259,0.0003055,0.000656,0.0003099
W2043268620,0.002364,0.0012019,0.0012331,0.4274251,0.0011954,0.0010635,0.0007448,0.0010049,0.001006,0.2072119,0.0008409,0.0013913,0.00064,0.0489318,0.0007999,0.000691,0.0011571,0.1936998,0.0007443,0.0005149,0.0004828,0.1051662,0.0004897
W2037084529,0.0016965,0.0008697,0.1130672,0.0016239,0.5232858,0.0007695,0.046693,0.0007271,0.0784921,0.0011773,0.0698547,0.0010068,0.0004631,0.0005837,0.0005788,0.0005,0.034818,0.0007891,0.0005386,0.1210116,0.0003493,0.00075,0.0003543
W2108212751,0.0013253,0.0006763,0.0006939,0.058107,0.2298083,0.0005984,0.0004191,0.013791,0.3267933,0.0473403,0.1150384,0.0291727,0.0003601,0.0453959,0.0004501,0.0003888,0.0006511,0.0432134,0.0004188,0.0842271,0.0002717,0.0005832,0.0002755
W2144779133,0.1578658,0.0005852,0.03305,0.2270528,0.000582,0.0005178,0.0003627,0.0004893,0.0004898,0.0007925,0.0004094,0.0605732,0.0003116,0.0109217,0.0003895,0.0003364,0.4604588,0.000531,0.0003624,0.0002507,0.0171113,0.0005047,0.0260513
W2067865656,0.0540728,0.0008232,0.0324379,0.0015418,0.3155421,0.1053426,0.0005101,0.0006883,0.1565695,0.0764141,0.0005759,0.0145879,0.0004383,0.0005525,0.0859256,0.0004733,0.0260409,0.0007469,0.0005098,0.109941,0.0152204,0.0007099,0.0003354
W2113350312,0.0030239,0.0015495,0.0015896,0.0028892,0.5659757,0.0013711,0.0009602,0.0012955,0.0012969,0.1908656,0.0010841,0.0017948,0.000825,0.0229305,0.0010313,0.0008908,0.0014918,0.1161714,0.0009596,0.054092,0.0006224,0.0013362,0.0259529
W2169409681,0.0571851,0.0008011,0.014859,0.0014972,0.0007968,0.0007089,0.0004965,0.0006698,0.4319883,0.001084,0.0005605,0.0640243,0.0580261,0.0005377,0.1030561,0.0004606,0.0007712,0.2020891,0.0004961,0.0003432,0.0277661,0.0314558,0.0003264
W1983384197,0.0014938,0.000755,0.0787946,0.0014247,0.0007508,0.000668,0.0004678,0.0006312,0.5769268,0.068909,0.0005282,0.0008739,0.000402,0.0253307,0.0005025,0.000434,0.0007268,0.000685,0.0004675,0.0003234,0.0509232,0.1876733,0.0003076
W2074902188,0.0311278,0.0165511,0.1002705,0.0018154,0.0009672,0.0008604,0.0006026,0.0008131,0.0887438,0.0013165,0.0630414,0.0011257,0.0005178,0.0006527,0.1479767,0.0005591,0.1840012,0.0008824,0.0006022,0.2273094,0.0003906,0.1026596,0.0272132
W2013404388,0.0018804,0.0181892,0.000977,0.2591822,0.0009471,0.0008426,0.0005901,0.0007962,0.0007971,0.2495699,0.0006663,0.0011023,0.0368193,0.0006392,0.2818388,0.0005475,0.075753,0.000864,0.0005897,0.000408,0.0237284,0.0428837,0.000388
W2028622989,0.0025154,0.0012875,0.0013208,0.4617694,0.0012804,0.0591157,0.1013732,0.0010765,0.0010776,0.1175377,0.0009007,0.0014901,0.1002984,0.0008641,0.0008569,0.0232241,0.0925726,0.0279382,0.0007973,0.0005515,0.0005171,0.0011102,0.0005245
W1629931862,0.0023817,0.1776714,0.035383,0.0022785,0.0012121,0.0010784,0.0007553,0.001019,0.0010201,0.0016516,0.0008527,0.0014109,0.3895392,0.2182768,0.0396594,0.0007007,0.0011733,0.0011059,0.0007548,0.0005221,0.0004896,0.1205669,0.0004966
W2121009717,0.0021914,0.001114,0.2455909,0.0020807,0.0011078,0.5153653,0.0676047,0.0009313,0.0009324,0.0015077,0.0007793,0.1272567,0.0005931,0.0264512,0.0007414,0.0006404,0.0010723,0.0010107,0.0006898,0.0004772,0.0004474,0.0009606,0.0004538
W2001447987,0.0020148,0.0010267,0.0010533,0.0019132,0.0010211,0.0009084,0.0006362,0.0008584,0.0008593,0.00139,0.0007183,0.0561864,0.0005466,0.0006891,0.6219241,0.0005902,0.0009883,0.1314911,0.0006358,0.1246246,0.0004124,0.0008853,0.0486265
W2072590703,0.0025217,0.0712536,0.001321,0.0023992,0.2575939,0.0011392,0.0007979,0.0890123,0.1854738,0.0017439,0.0009008,0.001491,0.0006856,0.0008642,0.1675619,0.0007402,0.0232457,0.0011682,0.0007974,0.0580914,0.1295623,0.0011103,0.0005246
W1587333710,0.0304341,0.000923,0.0210634,0.0017277,0.000918,0.0640763,0.000572,0.0007717,0.072898,0.0012496,0.0238532,0.0888648,0.0004915,0.0006195,0.0006143,0.0005306,0.0008886,0.0008375,0.0005716,0.6689949,0.0003708,0.0183528,0.0003761
W2103441770,0.0020694,0.1294068,0.0010672,0.7987462,0.0010345,0.0009204,0.0006446,0.037699,0.0008707,0.0014075,0.0007278,0.0180897,0.0005539,0.0006982,0.0006923,0.000598,0.0010014,0.0009438,0.0006442,0.0004456,0.0004178,0.000897,0.0004238
W2126801593,0.0009821,0.0005016,0.1968137,0.0009353,0.0004988,0.0004438,0.0003108,0.0004194,0.0293628,0.228161,0.0003509,0.0005806,0.010267,0.0545783,0.0003338,0.0002884,0.138601,0.0004551,0.0003106,0.0002149,0.021377,0.2961636,0.0180498
W1701869895,0.0026941,0.0013843,0.0014202,0.0025894,0.0013767,0.0700203,0.0008578,0.0011574,0.0011587,0.0018742,0.0009685,0.0016027,0.0007371,0.0009291,0.0009213,0.0007958,0.0013327,0.0723903,0.0008573,0.000593,0.0005561,0.8332189,0.000564
W2036815970,0.0337046,0.0877852,0.0009566,0.0017414,0.2682543,0.000825,0.0005778,0.0007795,0.2813806,0.0012625,0.0440484,0.0010793,0.0004964,0.0288832,0.0006205,0.000536,0.0671334,0.0008459,0.0005774,0.135994,0.0003745,0.000804,0.0413395
W2100278941,0.0017547,0.0008951,0.0009182,0.001671,0.1557416,0.0007919,0.0005546,0.0007483,0.0007491,0.2229417,0.3840449,0.0010362,0.0004766,0.0006007,0.0005957,0.0005145,0.0550821,0.1129717,0.0005543,0.0003834,0.0221821,0.0007718,0.0340198
W2128114769,0.0336357,0.0349959,0.0011159,0.7222253,0.0010816,0.0009623,0.000674,0.0009093,0.0009103,0.073062,0.0235593,0.001259,0.0005791,0.00073,0.0007239,0.0006253,0.001047,0.0009868,0.0006735,0.0004659,0.0004369,0.0988977,0.0004431
W2038763999,0.0021693,0.0011141,0.1831013,0.0020739,0.001108,0.0009858,0.0006904,0.0009315,0.0009325,0.0341519,0.0545462,0.0012895,0.0005932,0.0291024,0.0007415,0.0006405,0.2934208,0.0253526,0.0006899,0.0004773,0.0004475,0.3649861,0.0004539
W2102424972,0.0031809,0.0016045,0.0016459,0.4131207,0.0015955,0.0014195,0.0009942,0.3541668,0.0013428,0.0021713,0.0778576,0.0018571,0.0008543,0.0010768,0.0010678,0.0437439,0.0015444,0.0014557,0.0009935,0.0006873,0.0006444,0.0863216,0.0006536
W2072812562,0.0016843,0.0008534,0.0008754,0.2938542,0.0008486,0.0314439,0.0005288,0.0509245,0.0007142,0.0696566,0.000597,0.0009877,0.0004543,0.0005727,0.0005679,0.0004905,0.0008215,0.4105277,0.0005284,0.0003655,0.0003427,0.1320125,0.0003476
W1986098362,0.0033309,0.0016927,0.0017366,0.0031533,0.1724608,0.0014978,0.001049,0.0014153,0.0769053,0.0022901,0.2195006,0.0019596,0.0009013,0.0011362,0.0011266,0.0009732,0.0016296,0.0015359,0.0010483,0.4765898,0.0006799,0.0014597,0.0259276
W2108058966,0.0192503,0.096184,0.0010541,0.379888,0.0010218,0.0009091,0.0006367,0.000859,0.0184736,0.3709264,0.0007188,0.0011892,0.1022103,0.0006896,0.0006838,0.0005907,0.0009891,0.0009322,0.0006363,0.0004401,0.0004127,0.000886,0.0004186
W2106391842,0.0015659,0.3406617,0.0008218,0.0832864,0.1477698,0.0007087,0.0378242,0.2994444,0.0006704,0.0010847,0.0005604,0.0009273,0.0004265,0.0005376,0.0005331,0.0004605,0.0798121,0.0007268,0.000496,0.0003431,0.0003217,0.0006907,0.0003263
W1975993749,0.0009118,0.0721826,0.0004752,0.0008714,0.0004607,0.0703578,0.000287,0.0003873,0.0003877,0.2771997,0.0003241,0.0005362,0.1510981,0.0003109,0.0003083,0.024108,0.3473412,0.0239746,0.0002869,0.0001984,0.0001861,0.0003994,0.0274068
W2138060941,0.0019127,0.0145571,0.0009973,0.0018212,0.0009668,0.0221145,0.0538412,0.0008128,0.6841685,0.0013158,0.0209596,0.0011254,0.0005176,0.0006525,0.000647,0.0005589,0.0009359,0.1894519,0.000602,0.0004164,0.0003905,0.0008383,0.0003961
W2030498531,0.0867082,0.000801,0.1571424,0.0014973,0.1788025,0.0007087,0.0004964,0.0006697,0.2407861,0.0010848,0.0005604,0.0009273,0.0004265,0.0005376,0.1586111,0.0004605,0.0007711,0.0007268,0.0004961,0.0003431,0.1469782,0.0006907,0.0197734
W2047308649,0.0013398,0.0006813,0.0914488,0.0012776,0.4544939,0.2215368,0.0004222,0.0418027,0.1344778,0.016125,0.0004766,0.0007889,0.0003627,0.0004572,0.0004534,0.0003916,0.0006558,0.0006181,0.0004219,0.0002918,0.0002736,0.0005875,0.0306149
W4246016408,0.002008,0.001015,0.0010415,0.0019068,0.0010095,0.5600563,0.000629,0.0008486,0.0008495,0.2743544,0.0583328,0.0011749,0.0005404,0.0006812,0.0006755,0.0005835,0.0906123,0.0009209,0.0006286,0.0004348,0.0004077,0.0008752,0.0004135
W2053096433,0.009921,0.0004935,0.0005063,0.044755,0.1356912,0.0004366,0.0174463,0.0004126,0.000413,0.2574854,0.1054105,0.0005712,0.0002628,0.0003312,0.0003284,0.0072715,0.2977354,0.0627716,0.0003056,0.0002114,0.0001982,0.0004255,0.056616
W2143210482,0.0033052,0.0016935,0.0017375,0.2736892,0.001684,0.0014982,0.0010493,0.6373918,0.0014173,0.0022925,0.0011847,0.0019602,0.0009016,0.0011365,0.001127,0.0009735,0.0016301,0.0607239,0.0010486,0.0007254,0.0006802,0.0014602,0.0006899
W1989191870,0.0025174,0.0012868,0.0013202,0.0024082,0.0957033,0.0011386,0.0833997,0.0010759,0.001077,0.736333,0.0009003,0.0014894,0.0196247,0.0008637,0.0008564,0.0187975,0.0012388,0.0011675,0.0007969,0.0005512,0.0005169,0.0011096,0.025827
W2035387192,0.0332245,0.0008701,0.2407709,0.0408086,0.0008653,0.0007698,0.0005392,0.0007274,0.0955185,0.0011783,0.0288725,0.0010072,0.0004633,0.000584,0.0005791,0.0005002,0.0008376,0.0007894,0.0005388,0.5491012,0.0003495,0.0007503,0.0003545
W2111858111,0.0616783,0.0008298,0.0008514,0.001556,0.0008253,0.0007342,0.0005142,0.0006938,0.0006946,0.0011237,0.0005806,0.1908133,0.0208087,0.000557,0.3507148,0.0004771,0.0007989,0.2903398,0.0005139,0.0003555,0.0003333,0.0738679,0.0003381
W2136651963,0.0762818,0.0012868,0.0013202,0.9025589,0.0012798,0.0011386,0.0007974,0.0010759,0.0010771,0.0017431,0.0009003,0.0014896,0.0006852,0.0008637,0.0008564,0.0007398,0.0012388,0.0011676,0.0007969,0.0005513,0.0005169,0.0011097,0.0005243
W2019185456,0.0021332,0.0010875,0.0011159,0.0020241,0.0010816,0.0009623,0.0006739,0.0009093,0.0009103,0.2889564,0.0007609,0.0012589,0.1457189,0.1180406,0.0007238,0.0006252,0.3951446,0.0009868,0.0006735,0.0004659,0.0004368,0.0348665,0.0004431
W1987404007,0.00661,0.0033959,0.0034841,0.0063173,0.0033773,0.5173596,0.0021045,0.0028394,0.0028425,0.0045961,0.1491688,0.0039307,0.0018083,0.2387669,0.0022602,0.0019524,0.0032692,0.0030813,0.0021031,0.0014548,0.0013641,0.0029285,0.0349853
W2166865790,0.0999434,0.0006256,0.0006419,0.0011717,0.0006222,0.0005535,0.1594272,0.075222,0.0005236,0.1804105,0.2078524,0.0007244,0.0003331,0.0004199,0.0004164,0.0003597,0.0006023,0.2684491,0.0003874,0.000268,0.0002513,0.0005395,0.0002549
W2139954387,0.0028683,0.3281075,0.0015126,0.00275,0.0014663,0.0013046,0.0009137,0.0012327,0.0012341,0.4700782,0.0010315,0.0017064,0.0667417,0.0009896,0.0009813,0.0008476,0.0014194,0.1108058,0.0009131,0.0006316,0.0005922,0.0012714,0.0006007
W2126809954,0.0030732,0.00155,0.0015907,0.2127162,0.3310653,0.0013715,0.0009605,0.001296,0.0012974,0.002098,0.0010845,0.3587993,0.0008253,0.0010404,0.0010316,0.0222597,0.0014922,0.0014064,0.0009599,0.000664,0.0514497,0.0013367,0.0006315
W2118746294,0.0024775,0.0609298,0.0013016,0.002372,0.0012618,0.0011226,0.0007862,0.0010608,0.0010619,0.5431202,0.0008876,0.0014686,0.0840196,0.0008516,0.0008444,0.0007294,0.0012215,0.2076943,0.0007857,0.0005435,0.0005096,0.0844329,0.0005169
W2077875794,0.0032365,0.0016625,0.0017057,0.0031076,0.0016535,0.0014711,0.0010303,0.0013901,0.0013916,0.4911666,0.0011632,0.0019243,0.0008853,0.2800127,0.0011065,0.0009558,0.0016006,0.1386835,0.0010296,0.0007122,0.0006678,0.0627658,0.0006774
W2098386120,0.0048281,0.0024739,0.002538,0.004602,0.0024602,0.0021889,0.001533,0.0020683,0.0020706,0.2510971,0.0932573,0.0028634,0.0013172,0.0016604,0.0016464,0.0014222,0.0023814,0.612865,0.001532,0.0010597,0.0009937,0.0021333,0.0010079
W1770972723,0.0020633,0.0010498,0.0010771,0.0019663,0.0010441,0.0009289,0.0006506,0.0008777,0.0008787,0.1144731,0.0007345,0.0012156,0.000559,0.0007046,0.0006987,0.0006035,0.0010107,0.2624319,0.0006501,0.0004497,0.0004217,0.6050828,0.0004277
W2132088881,0.0012124,0.0006166,0.0543046,0.2957646,0.0006132,0.0005456,0.0003821,0.0005155,0.0005161,0.0131643,0.0004314,0.1978931,0.0003283,0.0004139,0.138551,0.0003545,0.0005936,0.2438363,0.048668,0.0002641,0.0002477,0.0005317,0.0002512
W2121016876,0.2151234,0.000854,0.0008761,0.7523642,0.0008493,0.0007556,0.0005292,0.0191856,0.0007148,0.0011561,0.0005974,0.0009885,0.0004547,0.0005732,0.0005683,0.0004909,0.0008221,0.0007748,0.0005288,0.0003658,0.000343,0.0007364,0.0003479
W2081676964,0.0015428,0.000787,0.0008074,0.4661452,0.0007827,0.0006963,0.1459182,0.000658,0.0766515,0.0010655,0.0005506,0.1312831,0.000419,0.0005282,0.0005238,0.0004524,0.0247479,0.1443009,0.0004873,0.0003371,0.0003161,0.0006786,0.0003206
W1587481053,0.0035095,0.0017931,0.0018397,0.1809253,0.0017831,0.0015865,0.0011111,0.0014991,0.0015007,0.0024298,0.0012544,0.0020755,0.0009547,0.4980786,0.0011933,0.0010308,0.2909327,0.0016268,0.0011104,0.0007681,0.0007202,0.0015461,0.0007305
W1968872877,0.0025109,0.0012867,0.0013201,0.0024171,0.2076215,0.4581691,0.0007974,0.0010758,0.001077,0.0017419,0.0009003,0.1027677,0.0006852,0.0008637,0.2101207,0.0007398,0.0012387,0.0011675,0.0007969,0.0005512,0.0005169,0.0011096,0.0005242
W2143485490,0.1039877,0.1132585,0.0009465,0.4210086,0.0009175,0.0008163,0.0005717,0.0627264,0.0007722,0.0012496,0.0006454,0.0331251,0.0004912,0.0006192,0.000614,0.0380098,0.216895,0.000837,0.0005713,0.0003952,0.0003706,0.0007955,0.0003759
W2084251919,0.0857091,0.0537898,0.0011428,0.0020883,0.0620615,0.0009855,0.0006902,0.0009313,0.7811914,0.0015074,0.0007793,0.0012898,0.0005931,0.0007476,0.0007413,0.0006403,0.0010723,0.0010106,0.0006898,0.0004771,0.0004474,0.0009605,0.0004538
W1598985695,0.0016802,0.0008534,0.0008754,0.066233,0.2186019,0.000755,0.0005288,0.0007134,0.0007142,0.4117118,0.0421857,0.0009878,0.0004543,0.0005727,0.0005679,0.0004906,0.0008215,0.1876247,0.0005284,0.0003655,0.0412411,0.0007358,0.0207568
W2079706758,0.0018799,0.0009612,0.0009861,0.0018092,0.3675125,0.2688412,0.0005956,0.0008036,0.0008045,0.0013009,0.0006724,0.1497789,0.0005118,0.0006451,0.0810882,0.0005525,0.0009252,0.117718,0.0005952,0.0004117,0.0003861,0.0008288,0.0003916
W1984474722,0.0013662,0.0006967,0.0007148,0.4384445,0.0006928,0.0006164,0.0004317,0.0005825,0.0005831,0.0009429,0.0004874,0.3336686,0.000371,0.0004676,0.0170651,0.0004005,0.0006707,0.1484746,0.0518602,0.0002984,0.0002798,0.0006008,0.0002838
W2986925300,0.0031243,0.0900326,0.0016454,0.2971101,0.0834952,0.0014192,0.1606852,0.253624,0.0013425,0.0021697,0.0011221,0.0018566,0.000854,0.0010765,0.0010675,0.0513532,0.001544,0.0421168,0.0009933,0.0006871,0.0006443,0.0013831,0.0006535
W3211795435,0.0029038,0.5870447,0.0015124,0.1060651,0.0014662,0.0013045,0.0009136,0.2824545,0.001234,0.0019945,0.0010314,0.0017065,0.000785,0.0009895,0.0009812,0.0008476,0.0014192,0.0013376,0.000913,0.0006316,0.0005922,0.0012713,0.0006006
W2022910024,0.0021316,0.0010749,0.0011025,0.9481438,0.0010688,0.0009509,0.000666,0.0008986,0.0008996,0.0014547,0.0007519,0.0012442,0.0005723,0.0007213,0.0007153,0.0006179,0.0010346,0.0009751,0.0006656,0.0004604,0.0004317,0.0329804,0.0004379
W2159482845,0.0284751,0.0342367,0.0008218,0.0780098,0.1168532,0.0007087,0.0004964,0.5161006,0.0006704,0.0010856,0.0005604,0.0009272,0.0004265,0.0744843,0.0005331,0.0004605,0.1422451,0.0007268,0.000496,0.0003431,0.0003217,0.0006907,0.0003263
W2164643779,0.0033025,0.0016935,0.0017374,0.7558003,0.0016843,0.0014985,0.0010495,0.0014159,0.0014175,0.0599183,0.0011848,0.0019603,0.0009018,0.1188265,0.0011271,0.0009736,0.0016303,0.0015366,0.0010488,0.0007255,0.0196791,0.0014604,0.0194274
W2060528969,0.0575113,0.2210413,0.0009663,0.0017712,0.0009367,0.0008334,0.0005837,0.0007875,0.0007883,0.2806523,0.000659,0.0823771,0.1719341,0.1736673,0.0006269,0.0005415,0.0009067,0.0008546,0.0005833,0.0004035,0.0003783,0.0008122,0.0003837
W2138270253,0.0044688,0.0022882,0.0023476,0.5341796,0.0022756,0.0020247,0.001418,0.0019132,0.0019153,0.2822022,0.0016009,0.0026485,0.1458419,0.0015359,0.0015229,0.0013155,0.0022028,0.0020762,0.0014171,0.0009803,0.0009191,0.0019733,0.0009323
W2035507249,0.0020014,0.0010266,0.0010532,0.0680977,0.001021,0.0009084,0.0006362,0.0008583,0.0851303,0.6864472,0.0007182,0.0011882,0.026765,0.000689,0.0006832,0.0005902,0.0464949,0.0728996,0.0006358,0.0004398,0.0004124,0.0008853,0.0004182
W1652686173,0.0013284,0.049943,0.2947829,0.1337621,0.0006725,0.0005983,0.000419,0.0005653,0.1464918,0.0009155,0.0004731,0.0007829,0.00036,0.0004538,0.00045,0.0192716,0.000651,0.0006135,0.0004187,0.1619482,0.0983011,0.0865217,0.0002755
W2109555511,0.0019889,0.0010043,0.0010303,0.0018777,0.0009988,0.0008886,0.0006223,0.0008396,0.1742122,0.0013589,0.0007026,0.1798844,0.0149971,0.000674,0.0449131,0.0005773,0.2651321,0.2452317,0.0006219,0.0004302,0.0004034,0.0612016,0.0004091
W2169244146,0.0032812,0.0016623,0.0017055,0.0722109,0.1232967,0.5765503,0.0010301,0.0013898,0.0013914,0.002253,0.001163,0.0019241,0.0008851,0.0011157,0.0011063,0.1177773,0.0683764,0.0015083,0.0010294,0.0007121,0.0006677,0.0014335,0.0175298
W2145506897,0.0027885,0.0833987,0.0014651,0.1944166,0.0623391,0.0012636,0.0008849,0.2127568,0.0011953,0.001934,0.0009991,0.001653,0.0007604,0.0009585,0.0009504,0.000821,0.3187832,0.1087487,0.0008844,0.0006117,0.0005736,0.0012314,0.0005818
W2097706568,0.0023807,0.0012185,0.0012501,0.5759381,0.0012118,0.0010782,0.0007551,0.2600474,0.0010199,0.0016489,0.0008525,0.0014108,0.0006488,0.0008178,0.000811,0.0163531,0.001173,0.1280711,0.0007546,0.000522,0.0004894,0.0010508,0.0004964
W2015292449,0.0014569,0.0917239,0.0007677,0.6005606,0.000744,0.000662,0.0004636,0.2953292,0.0006262,0.0010136,0.0005234,0.0008668,0.0003984,0.0005022,0.0004979,0.0004301,0.0007202,0.0006788,0.0004633,0.0003205,0.0003005,0.0006452,0.0003048
W2022298315,0.0019549,0.0009928,0.0010185,0.0018652,0.0009873,0.0416705,0.0006152,0.00083,0.000831,0.001345,0.0180376,0.0011494,0.0005286,0.0006663,0.0006607,0.0005707,0.0009557,0.2794898,0.0006148,0.0004253,0.0003988,0.6439875,0.0004045
W2018276910,0.0021491,0.0011005,0.0011291,0.0020496,0.0010945,0.0009737,0.000682,0.0009201,0.5621315,0.0014899,0.0007699,0.0012743,0.000586,0.0007386,0.0007324,0.0006327,0.0184296,0.0811749,0.0006815,0.0004714,0.000442,0.3198984,0.0004484
W2120035402,0.0447563,0.1297331,0.000488,0.0008877,0.237187,0.2549657,0.0002947,0.0003977,0.0783981,0.087452,0.0546494,0.0005506,0.0002533,0.0003192,0.0371551,0.0002734,0.0004579,0.0704874,0.0002946,0.0002038,0.0001911,0.0004102,0.0001938
W2026916707,0.0011991,0.0006085,0.0006243,0.5280799,0.0006052,0.0476622,0.0003771,0.0005088,0.0186152,0.1614757,0.0004257,0.0007044,0.0797149,0.0004084,0.0398853,0.0003498,0.0005858,0.0005522,0.0003769,0.0002607,0.0002444,0.1035309,0.0132045
W2111555302,0.0016626,0.0008532,0.0393408,0.0015911,0.0008485,0.0007549,0.0005287,0.0007133,0.0007141,0.6993042,0.0005969,0.0009875,0.0004543,0.0005726,0.0005678,0.0004905,0.1637158,0.0007741,0.0005284,0.0003655,0.0465392,0.0007357,0.0373602
W2169895835,0.173802,0.0179853,0.0603856,0.0802736,0.0009579,0.0008522,0.1789803,0.2770369,0.0008061,0.0013047,0.0006738,0.001115,0.0005128,0.0006464,0.000641,0.0005537,0.0009272,0.0395966,0.1326866,0.0286523,0.0003869,0.0008305,0.0003924
W2136451426,0.0019423,0.0009926,0.0010183,0.148169,0.0009871,0.0307585,0.0006151,0.0008299,0.0008308,0.6386176,0.0006944,0.0011489,0.1669429,0.0006662,0.0006606,0.0005706,0.0009556,0.0009006,0.0006147,0.0004252,0.0003987,0.0008559,0.0004044
W1938241462,0.0011206,0.1073245,0.0635937,0.0010605,0.0005641,0.0005019,0.0626826,0.0004742,0.1212451,0.1733525,0.0003968,0.0006566,0.0341998,0.1307938,0.1452234,0.0003261,0.000546,0.0005146,0.0003513,0.000243,0.1132465,0.0413512,0.0002311
W2163892779,0.00303,0.3789742,0.0015897,0.0028917,0.0015409,0.0013708,0.0009601,0.5924705,0.0012967,0.0021014,0.0010839,0.0017937,0.0008249,0.0010398,0.0010311,0.0008907,0.0014916,0.0014057,0.0009594,0.0006637,0.0006223,0.001336,0.0006312
W2093049813,0.0043743,0.0022318,0.0022899,0.0041531,0.0022196,0.0019748,0.001383,0.001866,0.4719932,0.0030199,0.0015615,0.0025847,0.0011884,0.4435568,0.0440778,0.0012831,0.0021485,0.002025,0.0013821,0.0009561,0.0008965,0.0019246,0.0009093
W1970156673,0.0029787,0.0015243,0.0278305,0.1519735,0.0015159,0.0013488,0.0009446,0.0012745,0.0012759,0.0925705,0.0010665,0.0017646,0.0008117,0.0010231,0.0010145,0.0008763,0.2311307,0.0013831,0.000944,0.000653,0.0006123,0.474862,0.000621
W1992595091,0.0392386,0.0016638,0.001707,0.1926613,0.0016546,0.0014722,0.001031,0.0301219,0.0013926,0.4547167,0.001164,0.001926,0.0008859,0.0011167,0.0749114,0.0009565,0.0016017,0.0739526,0.0010304,0.0007128,0.0006683,0.1147359,0.0006779
W2166171121,0.0025027,0.0012696,0.0013026,0.689316,0.0012627,0.0011234,0.0007868,0.0263167,0.0010627,0.0017184,0.0008883,0.2454804,0.000676,0.0008522,0.000845,0.0007299,0.0012223,0.001152,0.0007863,0.0005439,0.00051,0.0191348,0.0005173
W1756039870,0.02126,0.0007672,0.0007869,0.0793029,0.0007629,0.0006787,0.0004754,0.0006414,0.0006421,0.0010382,0.0005367,0.0008878,0.0004085,0.0005149,0.0005105,0.000441,0.0007385,0.000696,0.000475,0.2844837,0.0003081,0.6033312,0.0003125
W2044530165,0.0036918,0.0018662,0.1931354,0.0034965,0.001856,0.3044608,0.0011565,0.0015603,0.001562,0.0025261,0.0013056,0.1215068,0.0009937,0.0012526,0.2520828,0.0010729,0.0017966,0.0016932,0.0011557,0.0007994,0.0007496,0.0995193,0.0007603
W1995924881,0.0033241,0.0016935,0.0017373,0.0031688,0.0016842,0.0014984,0.0692905,0.1723907,0.0014174,0.7018251,0.0011848,0.0019602,0.0009017,0.0011366,0.0011271,0.0009736,0.0016303,0.0015365,0.0010487,0.0007254,0.027595,0.0014603,0.0006899
W2167435540,0.0886174,0.0729576,0.0009864,0.0018078,0.0009562,0.0008507,0.0005958,0.0871278,0.0008047,0.0013022,0.0006726,0.0011131,0.1645711,0.1196273,0.0468472,0.1191141,0.0009256,0.0008723,0.0005954,0.0004119,0.2432596,0.0008291,0.0451541
W1998663222,0.0048716,0.002474,0.0025382,0.5196329,0.0024606,0.0394887,0.0015332,0.0020685,0.0020708,0.0033506,0.0017309,0.0028645,0.0013174,0.0016606,0.0016466,0.0014223,0.0023817,0.3697584,0.0015322,0.0010599,0.0009938,0.0021335,0.0310093
W1988037647,0.0006084,0.0003114,0.067375,0.000585,0.0003097,0.2683655,0.000193,0.0002604,0.0628907,0.5004268,0.0002179,0.0003606,0.0001658,0.000209,0.0002073,0.0147783,0.0002998,0.0002825,0.0001928,0.0001334,0.0001251,0.0621649,0.0195366
W2007093279,0.0072731,0.0036767,0.1219941,0.0068786,0.0036567,0.1329717,0.0022784,0.0030741,0.0757449,0.1194161,0.0025723,0.0042572,0.044661,0.0024678,0.002447,0.0544224,0.0035395,0.0033361,0.0022769,0.0649332,0.0762064,0.260418,0.0014979
W2073925485,0.0045709,0.0022874,0.0023467,0.0042584,0.0022748,0.0020239,0.0014175,0.0019125,0.0019146,0.0030945,0.0016003,0.0026492,0.001218,0.0015353,0.0015224,0.001315,0.002202,0.0020754,0.0014166,0.0009799,0.9544804,0.0019725,0.0009319
W2170343590,0.1767765,0.0031608,0.1287056,0.005963,0.0031435,0.1825404,0.0019588,0.0026428,0.0026457,0.004277,0.0022114,0.003659,0.06357,0.0021215,0.0021037,0.1259699,0.2770878,0.0028679,0.0019575,0.0013541,0.0012697,0.0027258,0.0012878
W2159482845,0.0014722,0.0723127,0.0007677,0.1480539,0.1366282,0.0006621,0.0004637,0.431093,0.0006263,0.0010146,0.0005235,0.0008661,0.0003984,0.0771539,0.000498,0.0004302,0.1084713,0.0006789,0.0004634,0.0003205,0.0003006,0.0006452,0.0161555
W4394728040,0.0025615,0.0414158,0.0013394,0.0024357,0.0931051,0.0011551,0.000809,0.0010915,0.2717563,0.0017686,0.2505007,0.001511,0.0152284,0.0008762,0.0008688,0.0007505,0.0833575,0.0011845,0.0008085,0.110046,0.0005244,0.0011257,0.1157798
W4295127969,0.0010946,0.0005599,0.0005743,0.0638074,0.2245115,0.0004953,0.0003469,0.0004681,0.0004686,0.0417608,0.0137141,0.0006479,0.0002981,0.0003757,0.0003726,0.0003218,0.0005389,0.6481214,0.0003467,0.0002398,0.0002249,0.0004827,0.0002281
W4296293122,0.0748003,0.0009136,0.0009373,0.2024573,0.0009086,0.0008083,0.1585304,0.3944476,0.0007646,0.0012375,0.0006391,0.0010576,0.0004864,0.0006132,0.000608,0.0005252,0.0008795,0.0008289,0.0998341,0.0003914,0.0386592,0.0192998,0.0003722
W1982444105,0.3996663,0.0005342,0.000548,0.001,0.0005312,0.0257063,0.1099857,0.0169916,0.0004471,0.057966,0.0003737,0.0006184,0.0679787,0.123607,0.0003555,0.0003071,0.1914463,0.0004847,0.0003308,0.0002288,0.0002146,0.0004606,0.0002176
W2176371198,0.0064669,0.0032773,0.0033621,0.1951425,0.003259,0.1269627,0.0020309,0.00274,0.0027431,0.0044503,0.0022928,0.1001718,0.001745,0.1025462,0.0021811,0.0018841,0.0031548,0.002974,0.0020295,0.0014039,0.0013164,0.3549017,0.0729639
W4293241835,0.0689175,0.0024754,0.0025393,0.0046353,0.0024613,0.0021899,0.0015336,0.0020692,0.19747,0.0033499,0.0017314,0.002867,0.0013177,0.0016611,0.2063848,0.0014228,0.0023824,0.0022455,0.0015326,0.0010602,0.0009941,0.0021341,0.4866249
W2465746813,0.0004208,0.0002151,0.0002207,0.0004017,0.0002139,0.0001903,0.0001333,0.2007033,0.00018,0.0002913,0.0001505,0.000249,0.0407164,0.0001444,0.0001432,0.7546392,0.0002071,0.0001952,0.0001332,9.21E-05,8.64E-05,0.0001855,8.76E-05
W2097403532,0.0017165,0.0448735,0.0009011,0.4629125,0.0008735,0.0007771,0.0005443,0.375853,0.0007351,0.0011886,0.0006145,0.0586437,0.0004677,0.0005895,0.0005846,0.0005049,0.0330033,0.0007969,0.0005439,0.0003763,0.0003528,0.012789,0.0003578
W2082810442,0.002326,0.0011868,0.0012177,0.0022155,0.0011804,0.0010501,0.2536669,0.0009923,0.2232797,0.0016091,0.0008303,0.0013742,0.0006319,0.3981587,0.0007899,0.0006823,0.0011425,0.0459296,0.000735,0.0005084,0.0589859,0.0010234,0.0004835
W2166153420,0.0022505,0.0011422,0.0011717,0.0693985,0.0011358,0.0010105,0.0007077,0.0009549,0.0009559,0.7136617,0.000799,0.0013222,0.0006081,0.0007666,0.0007601,0.0006566,0.0588772,0.1407151,0.0007073,0.0004893,0.0004588,0.0009849,0.0004653
W2008541744,0.0032142,0.1340155,0.0016753,0.0030427,0.001624,0.0014448,0.0010119,0.0013652,0.0013667,0.0022117,0.0011424,0.0018903,0.0485838,0.1788526,0.0511437,0.3146493,0.001572,0.1366804,0.0010112,0.0006995,0.1107293,0.0014081,0.0006653
W2332039551,0.030864,0.000397,0.0004073,0.0007411,0.0003948,0.0904846,0.0241368,0.0003319,0.0003323,0.3680295,0.1582895,0.0004596,0.0002114,0.0002664,0.0294217,0.0856861,0.0003821,0.0608208,0.012406,0.0001701,0.0001595,0.1354458,0.0001617
W2070790580,0.0457881,0.0014991,0.0015383,0.04089,0.0014908,0.0215284,0.000929,0.0012534,0.0012548,0.0020316,0.0010488,0.0017351,0.0007982,0.0010062,0.1405786,0.0008618,0.0014432,0.0013602,0.0009284,0.0204736,0.0006022,0.7103495,0.0006108
W2011443458,0.0032277,0.1932601,0.0016765,0.003048,0.0016252,0.0014459,0.1115647,0.0013663,0.1885815,0.1179825,0.0011433,0.0018914,0.0008701,0.0010968,0.0010876,0.0009394,0.0249256,0.0014827,0.001012,0.1144292,0.0582983,0.0769399,0.0921054
W1518689773,0.0023424,0.0012017,0.0012328,0.002241,0.0011951,0.0010633,0.0007447,0.0010047,0.0010058,0.2679674,0.0008408,0.0013909,0.7099574,0.0008066,0.0007998,0.0006909,0.0011569,0.0010904,0.0007442,0.0005148,0.0004827,0.0010363,0.0004896
W2068370729,0.003246,0.1359146,0.0017055,0.0030938,0.0016533,0.0014709,0.0010302,0.0013899,0.1301457,0.5555263,0.0011631,0.0019242,0.0889058,0.0631397,0.0011064,0.0009557,0.0016003,0.0015084,0.0010295,0.0007122,0.0006678,0.0014336,0.0006773
W4386498269,0.2206806,0.1213051,0.0010078,0.0018407,0.4046405,0.0008692,0.0006087,0.0008213,0.0008222,0.0013297,0.0006872,0.0011377,0.0259373,0.0430132,0.0006538,0.0005647,0.0785105,0.0008913,0.0006083,0.0004208,0.0924023,0.0008471,0.0004002
W4283327986,0.0983229,0.0011144,0.0011432,0.059173,0.116965,0.1921856,0.0006905,0.0009317,0.0009327,0.1938415,0.0007796,0.0012899,0.0005933,0.0007479,0.0007416,0.0006406,0.0010727,0.001011,0.0006901,0.0004774,0.0921553,0.0807733,0.1537268
W4214851683,0.0032731,0.0016622,0.0017055,0.1342667,0.0016532,0.0530795,0.00103,0.0013897,0.0013913,0.1209522,0.0730839,0.1737871,0.0008851,0.0894491,0.0011063,0.0009556,0.3343018,0.0015081,0.0010294,0.0007121,0.0006677,0.0014334,0.0006772
W3172432525,0.0012142,0.0006167,0.1307148,0.0011546,0.0006133,0.0377186,0.0003821,0.0005156,0.0826516,0.0912612,0.0004314,0.2028695,0.3776892,0.0004139,0.0004104,0.0003545,0.0005937,0.0005595,0.0003819,0.0002642,0.0132782,0.0005318,0.055379
W2760705314,0.0710885,0.0139419,0.0187028,0.1124716,0.0007634,0.0119622,0.0004757,0.0006418,0.0006425,0.6761563,0.0005371,0.0008886,0.0463149,0.0409377,0.0005109,0.0004413,0.000739,0.0006965,0.0004754,0.0003288,0.0003083,0.000662,0.0003127
W2064911222,0.025858,0.15904,0.0136636,0.0248888,0.0132453,0.0117848,0.0082537,0.0111359,0.0111481,0.6025677,0.0093185,0.0154202,0.007092,0.0089396,0.0088645,0.0076571,0.0128216,0.0120845,0.0082483,0.0057057,0.00535,0.0114854,0.0054264
W4306809753,0.0012769,0.0006475,0.0623055,0.0012104,0.2224233,0.0005729,0.0004012,0.0512265,0.2815039,0.1297778,0.000453,0.0007498,0.0003447,0.0243852,0.0004309,0.008929,0.0006233,0.2109777,0.0004009,0.0002774,0.0002601,0.0005583,0.0002638
W4387451784,0.0019022,0.0009617,0.0009866,0.0017972,0.1213543,0.0236818,0.0005959,0.0336523,0.0008049,0.6342666,0.1333458,0.0011133,0.000512,0.0006454,0.00064,0.0005528,0.0009257,0.0008725,0.0005955,0.0166646,0.0003863,0.0008292,0.0229134
W4389362949,0.0162298,0.000774,0.000794,0.1159616,0.2121589,0.0006848,0.0513464,0.0618251,0.0006478,0.1466713,0.0005415,0.0008961,0.0399052,0.0005195,0.0538715,0.2796064,0.0007451,0.0007022,0.0004793,0.0003316,0.0143252,0.0006674,0.0003153
W3133077985,0.1344379,0.0014749,0.0015133,0.0027544,0.0014668,0.001305,0.000914,0.3427433,0.0012345,0.4256635,0.0010319,0.0017077,0.0007853,0.0009899,0.0009816,0.0008479,0.0014199,0.0013382,0.0009134,0.0006318,0.0005924,0.0012718,0.0739805
W1988322301,0.3698297,0.0787419,0.0037673,0.0068473,0.003652,0.0032491,0.0022756,0.1140348,0.0030736,0.0049689,0.0025691,0.1332331,0.0019553,0.0024647,0.002444,0.0021111,0.003535,0.0033317,0.0022741,0.2495044,0.001475,0.0031665,0.0014961
W2065880164,0.2625156,0.0801116,0.0013587,0.002468,0.001317,0.0011716,0.0008206,0.1445548,0.0011083,0.1537552,0.2108366,0.001533,0.0007051,0.1300246,0.0008813,0.0007613,0.0012748,0.0012015,0.00082,0.0005673,0.0005319,0.0011419,0.0005395
W4327550249,0.0023976,0.8763272,0.0012494,0.0022832,0.0012112,0.0010776,0.0007547,0.0010182,0.0010193,0.0016477,0.000852,0.1015967,0.0006485,0.0008174,0.0008105,0.0007001,0.0011724,0.001105,0.0007542,0.0005217,0.0004892,0.0010502,0.0004962
W4255193062,0.0120619,0.006144,0.0063028,0.0114474,0.0061097,0.005436,0.0038072,0.0051367,0.0051423,0.0083233,0.0042983,0.0071111,0.0032713,0.0041236,0.0040889,0.1000432,0.0059143,0.0055743,0.5580259,0.0026319,0.0024678,0.2300351,0.002503
W4243683031,0.0128902,0.006584,0.006755,0.1855835,0.163724,0.0058258,0.0040802,0.0055051,0.0055111,0.008905,0.0046066,0.007622,0.0035059,0.0044193,0.0043822,0.0037853,0.006339,0.0059744,0.0040776,0.5389186,0.0026448,0.0056779,0.0026826
W2065687701,0.002897,0.0014747,0.2473792,0.0027598,0.0014666,0.114447,0.0009138,0.0012329,0.213237,0.0019958,0.0010317,0.0017076,0.0007852,0.0009897,0.1485004,0.0008477,0.0014195,0.001338,0.0009132,0.1501363,0.0005923,0.1033337,0.0006008
W1569060300,0.0131182,0.0065836,0.0067539,0.0122529,0.0065471,0.0058251,0.0040797,0.0055044,0.0055104,0.3860092,0.004606,0.00762,0.3253601,0.1718501,0.0043816,0.0037848,0.0063379,0.0059734,0.0040771,0.0028203,0.0026445,0.0056776,0.0026822
W4296032638,0.0020129,0.6289824,0.0010539,0.3233,0.0010213,0.0009087,0.0006364,0.0008586,0.0008596,0.0312363,0.0007185,0.0011887,0.0005468,0.0006893,0.0006835,0.0005904,0.0009886,0.0009318,0.000636,0.0004399,0.0004125,0.0008856,0.0004184
W2087671769,0.0099311,0.0051098,0.1029495,0.0608292,0.0050821,0.0045215,0.0031667,0.0042726,0.0042772,0.0069122,0.0035752,0.2588255,0.002721,0.0034299,0.003401,0.0029378,0.0049192,0.0046365,0.0031646,0.0021891,0.0020526,0.0044067,0.4966889
W2097775940,0.0014916,0.1482676,0.0918881,0.0014249,0.0007567,0.0006732,0.0004715,0.0006362,0.1813659,0.0010311,0.0005323,0.000881,0.0236589,0.2225649,0.0005064,0.0004374,0.320653,0.0006904,0.0004712,0.000326,0.0003056,0.0006561,0.00031
W4404349982,0.0022888,0.5324705,0.0403751,0.0021643,0.171701,0.0595267,0.0007169,0.0009672,0.0009683,0.0842,0.0391084,0.0013392,0.000616,0.0007765,0.0007699,0.0006651,0.057151,0.0010497,0.0007164,0.0004956,0.0004647,0.0009976,0.0004713
W1569060300,0.0263634,0.001129,0.0011583,0.0021155,0.0011228,0.000999,0.0006996,0.000944,0.000945,0.3584538,0.0007899,0.0013068,0.197063,0.1912842,0.0905327,0.0006491,0.0204148,0.0010244,0.0006992,0.0004837,0.0320126,0.0693494,0.00046
W1569060300,0.0016445,0.1046566,0.0554273,0.0015714,0.0008334,0.0609982,0.0005193,0.0007006,0.0007014,0.374373,0.0005863,0.0009701,0.19274,0.1583372,0.0178032,0.0004817,0.0008067,0.0007603,0.0005189,0.000359,0.024147,0.0007226,0.0003414
W2030564603,0.0039367,0.0765624,0.0020402,0.3736595,0.0019778,0.0017596,0.0566015,0.0016627,0.0016645,0.0026919,0.0013913,0.0023026,0.0010589,0.0013347,0.0013235,0.1425444,0.0019145,0.0018043,0.3195933,0.0008519,0.0007988,0.0017148,0.0008102
W4392544734,0.0012158,0.79551,0.0006327,0.0011646,0.0006133,0.0005457,0.0003822,0.0400821,0.0005162,0.000835,0.0088908,0.0007139,0.0003284,0.1356134,0.0004104,0.0003545,0.0005937,0.0005595,0.0003819,0.0002642,0.0096087,0.0005318,0.0002512
W4404349982,0.187845,0.4493797,0.0007149,0.2419558,0.0527559,0.0147005,0.0004318,0.0005826,0.0005832,0.0009441,0.0004875,0.0008066,0.000371,0.0004677,0.0004638,0.0004006,0.0445824,0.0006322,0.0004315,0.0002985,0.0002799,0.0006009,0.0002839
W2043170430,0.0028371,0.0014285,0.0014656,0.1226105,0.0014206,0.0865361,0.0008852,0.0011943,0.0011956,0.3936848,0.0009994,0.0016533,0.0007606,0.0009588,0.0009507,0.0664094,0.0013752,0.0012961,0.0228045,0.0006119,0.0005738,0.225259,0.0630888
W4254275792,0.0014993,0.0354824,0.0007876,0.3385307,0.0007635,0.0006793,0.2564198,0.0428206,0.0006426,0.0010396,0.0784891,0.2234995,0.0004088,0.0005153,0.0005109,0.0004413,0.0007391,0.0006965,0.0144223,0.0003289,0.0003084,0.000662,0.0003128